지역,파크골프장,전화번호,주소,홀수
강원,철원군파크골프장,,강원특별자치도 철원군 갈말읍 군탄리 869,36
강원,청일파크골프장,,강원특별자치도 횡성군 청일면 유평리 613-1,18
강원,춘천 서면파크골프장,,강원특별자치도 춘천시 서면 박서로800,18
강원,춘천 소양강파크골프장,,강원특별자치도 춘천시 장학리 459-11,18
강원,취병파크골프장,,강원특별자치도 원주시 문막읍 취병리 438-37번지,18
강원,태백파크골프장,,강원특별자치도 태백시 백두대간로 179 태백스포츠파크 내,18
강원,태장파크골프장,,강원특별자치도 원주시 태장동1346-16 둔치,18
강원,평창 파크골프장,,강원특별자치도 평창군 평창읍 제방길 101,18
강원,학성파크골프장,,강원특별자치도 원주시 학성동 36번지,18
강원,한반도섬 파크골프장,,강원특별자치도 양구군 양구읍 파라호로 855번길,27
강원,행구수변공원파크골프장,,강원특별자치도 원주시 행구동 1029번지,9
강원,현리근린공원파크골프장,,강원특별자치도 인제군 기린면 현리 785 근린공원,9
강원,홍천강변파크골프장,,강원특별자치도 홍천군 홍천읍 갈마곡리 267-10,18
강원,화천 산천어파크골프장(1구장),,강원특별자치도 화천군 하남면 춘화로 3061-17,18
강원,화천 산천어파크골프장(2구장),,강원특별자치도 화천군 하남면 춘화로 3061-17,18
강원,화천 생활체육공원파크골프장,,강원특별자치도 화천군 하남면 춘화로 3225-56,18
강원,횡성파크골프장,,강원특별자치도 횡성군 횡성읍 앞들동2로 45-19,18
경상,가곡파크골프장,,경상남도 밀양시 가곡동 743-2,18
경상,가산수변공원 파크골프장,,경상남도 양산시 동면 가산리807,36
경상,가산파크골프장,,경상북도 칠곡군 가산면 송학리 268,9
경상,가조파크골프장,,경상남도 거창군 가조면 일부리 1121-1,9
경상,가창파크골프장,,대구광역시 달성군 가창면 옥분리 788-1,18
경상,가포체육공원 파크골프장,,경상남도 창원시 마산합포구 가포신항남로 37,9
경상,각북파크골프장,,경상북도 청도군 각북면 낙산1길 산들팬션앞,18
경상,강남파크골프장,,경상북도 안동시 정상동 779,36
경상,강변파크골프장(거창군),,경상남도 거창군 거창읍 대평리 강변,9
경상,강변파크골프장(북구),,대구광역시 북구 서변동 1506 강변축구장 옆,45
경상,강변파크골프장(사하구),,부산광역시 사하구 을숙도대로 466,9
경상,강창파크골프장,,대구광역시 달성군 다사읍 매곡리 91,18
경상,거제파크골프장,,경상남도 거제시 거제면 스포츠파크 내,27
경상,거창군 파크골프장,,경상남도 거창군 거창읍 심소정길 39-36,36
경상,거창파크골프장(제4구장),,경상남도 거창군 거창읍 심소정길 강변,9
경상,건천파크골프장,,경상북도 경주시 건천읍 천포리 1112번지,9
경상,경산파크골프장,,경상북도 경산시 강변동로 369,18
경상,경주파크골프장,,경상북도 경주시 석장동1169-1,18
경상,계평파크골프장,,경상북도 안동시 계평리 717,27
경상,고로파크골프장,,대구광역시 군위군 삼국유사면 석산리 560,18
경상,고아파크골프장,,경상북도 구미시 고아읍 예강리 695-1,36
경상,고전파크골프장,,경상남도 하동군 고전면 전도리 882-3,18
경상,곡강천파크골프장,,경상북도 포항시 남구 효곡동,36
경상,과학관공원 파크골프장,,대구광역시 달성군 유가읍 상리 916-1,9
경상,광석골파크골프장,,경상남도 창원시 진해구 장천동 765번지,6
경상,구미파크골프장,,경상북도 구미시 낙동제방길 200 낙동강체육공원 내,54
경상,구지1호근린공원 파크골프장,,대구광역시 달성군 구지면 내리 840 산업단지1호근린공원,18
경상,구지평촌파크골프장,,대구광역시 달성군 구지면 평촌리 1-10,18
경상,군북파크골프장,,경상남도 함안군 군북면 함안산단7길70,36
경상,군위파크골프장,,대구광역시 군위군 군위읍 내량길 28-60,36
경상,금서파크골프장,,경상남도 산청군 금서면 동의보감로 645,9
경상,금성파크골프장,,경상북도 의성군 금성면 탑운길 99,9
경상,금소파크골프장,,경상북도 안동시 임하면 금소리 생태공원,18
경상,금천파크골프장,,경상북도 청도군 금천면 동곡리 새들보옆,18
경상,기장파크골프장,,부산광역시 기장군 정관읍 모전리677 물빛공원,6
경상,김천파크골프장,,경상북도 김천시 지좌동157-1,27
경상,남구 대공원 파크골프장,,울산광역시 남구 대공원로 94,18
경상,남구 태화강 파크골프장,,울산광역시 남구 신정동 391,36
경상,남구파크골프장,,대구광역시 남구 봉덕동 산128-1,9
경상,남대천파크골프장,,경상북도 울진군 평해읍 평해리 538-4,9
경상,남해스포츠 파크골프장,,경상남도 남해군 서면 스포츠파크길 15 남해스포츠파크 내,18
경상,논공 위천파크골프장,,대구광역시 달성군 논공읍 위천리 646,36
경상,다사파크골프장,,대구광역시 달성군 다사읍 매곡리 354-1 금호강변 세천교 밑,36
경상,다산파크골프장,,경상북도 고령군 다산면 사문나루1길 30,27
경상,다인문암파크골프장,,경상북도 의성군 다인면 삼분2길 259,18
경상,단북파크골프장,,경상북도 의성군 단북면 단북다인로 168,9
경상,단성(묵곡) 파크골프장,,경상남도 산청군 단성면 성철로 93번길(겁외사 옆),18
경상,달서 강창파크골프장,,대구광역시 달서구 파호동 401-2,27
경상,달성보파크골프장,,대구광역시 달성군 논공읍 남리 6-5 (달성보 하류),18
경상,대가야파크골프장,,경상북도 고령군 대가야읍 장기리 320-1,36
경상,대산파크골프장,,경상남도 창원시 의창구 대산면 북부리 195-3,90
경상,대원레포츠공원 파크골프장,,경상남도 창원시 의창구 두대로 46 (대상공원내),9
경상,대저생태공원파크골프장,,부산광역시 강서구 대저1동 1-5 대저생태공원,54
경상,덕산파크골프장,,경상북도 칠곡군 약목면 덕산리 348-7,9
경상,도개파크골프장,,경상북도 구미시 도개면 궁기리 829-1,36
경상,도천파크골프장,,경상남도 창녕군 도천면 도천리 770,18
경상,동구 봉무동 파크골프장,,대구광역시 동구 봉무동 1097-5 빗물펌프장(금호강변) 인근,36
경상,동구도평파크골프장,,대구광역시 동구 도동,9
경상,동락파크골프장,,경상북도 구미시 진평동 880,36
경상,동부5개면파크골프장,,경상남도 진주시 사봉면 사군로 583,18
경상,동부권파크골프장,,경상남도 적중면 상부리242,18
경상,동천 파크골프장,,울산광역시 중구 남외동 508-1,27
경상,마전비치파크골프장,,경상남도 창원시 마산합포구 구산면 해양관광로 722-69,18
경상,매전파크골프장,,경상북도 청도군 매전면 온장길 123 장연생태공원,18
경상,무안파크골프장(밀양시),,경상남도 밀양시 무안면 신법리 262-2,9
경상,무태파크골프장,,대구광역시 북구 서변동 산격대교 밑,18
경상,문경파크골프장,,경상북도 문경시 창리강길45,45
경상,밀양파크골프장,,경상남도 밀양시 삼문동 631번지,45
경상,범밤파크골프장,,부산광역시 강서구 범방동 1998,18
경상,벽진면파크골프장,,경상북도 성주군 벽진면 체육공원,9
경상,병곡파크골프장,,경상북도 영덕군 병곡면 송천리 434-1,36
경상,봉산파크골프장,,경상남도 합천군 봉산면 서부로4344-11,9
경상,봉화파크골프장,,경상북도 봉화군 봉화읍 내성리 내성천 둔치,18
경상,북구 검단파크골프장,,대구광역시 북구 검단동 276,27
경상,북면 장애인 파크골프장,,경상남도 창원시 의창구 북면 외산리 42-2,18
경상,북부권파크골프장,,경상남도 합천군 야로면 월광리388-1,18
경상,북삼파크골프장,,경상북도 칠곡군 북삼읍 어로리 743=1,18
경상,불로파크골프장,,대구광역시 동구 불로동 866-2,27
경상,비산파크골프장A-E,,대구광역시 서구 비산동 2127(매천대교 밑),18
경상,비산파크골프장C-D,,대구광역시 서구 비산동 2127(매천대교 밑),18
경상,비안파크골프장,,경상북도 의성군 비안면 이두리 이두교,18
경상,사곡파크골프장,,경상북도 의성군 사곡면 의성사곡로 995-9,9
경상,사암파크골프장,,부산광역시 강서구 신호공단,18
경상,산청(모고)파크골프장,,경상남도 산청군 산청읍 모고리,9
경상,삼락18파크골프장,,부산광역시 사상구 삼락동 658-2,18
경상,삼락9&9파크골프장,,부산광역시 사상구 삼락동 658-1,18
경상,삼락다이나믹파크골프장,,부산광역시 사상구 삼락동 29-42,36
경상,삼량진파크골프장,,경상남도 밀양시 삼량진읍 송지리 456-6,9
경상,삼신교통부지 파크골프장,,경상남도 양산시 삼신교통부지,9
경상,상주파크골프장,,경상북도 상주시 병성천2길44,36
경상,생비량파크골프장,,경상남도 산청군 생비량면 가계리 939-2 생활체육공원내,9
경상,서의성파크골프장,,경상북도 의성군 안계면 소보안계로 1907,54
경상,서재파크골프장,,대구광역시 달성군 다사읍 다사로 822(방천리 환경자원사업소),18
경상,석적파크골프장,,경상북도 칠곡군 석적읍 남율리 403,36
경상,선남면파크골프장,,경상북도 성주군 선남면 관화리 714 체육공원 내,18
경상,선산파크골프장,,경상북도 구미시 선산읍 원리1057-26,36
경상,성서5차산업단지파크골프장,,대구광역시 달성군 다사읍 세천리 1691,9
경상,성주읍파크골프장,,경상북도 성주군 성주읍 경산리 경산교 일대 (성밖숲 건너편),9
경상,소보파크골프장,,대구광역시 군위군 봉황리,18
경상,송백지구 파크골프장,,경상남도 진주시 금산면 송백리 663,36
경상,송정파크골프장,,경상남도 산청군 생초면 어서리,9
경상,쇠평파크골프장,,울산광역시 동구 남목3동 산153,18
경상,수림지파크골프장,,대구광역시 달서구 대천동699,18
경상,수성파크골프장,,대구광역시 수성구 고모동 6-2,27
경상,수성팔현파크골프장,,대구광역시 수성구 고모동 20-3 수성패미리파크,27
경상,술뫼파크골프장,,경상남도 김해시 한림면 시산리 495-2,72
경상,시천(덕산)파크골프장,,경상남도 산청군 시천면 사리 900-48,18
경상,신안파크골프장,,경상남도 산청군 신안면 중촌갈전로 228-35,18
경상,신호파크골프장,,부산광역시 강서구 신호산단로 72번길 46,9
경상,쌍백파크골프장,,경상남도 합천군 쌍백면 중앙로63,9
경상,알천파크골프장,,경상북도 경주시 구황동 883-1,18
경상,양포파크구미교육원,,경상북도 구미시 거양길 280(양호동 607-2),18
경상,어울림파크골프장(구미시),,경상북도 구미시 신평동 구미시산업로193-105,18
경상,영덕파크골프장,,경상북도 영덕군 천전길364-5,18
경상,영양군 파크골프장,,경상북도 영양군 영양읍 삼지리 200 삼지수변공원 내,27
경상,영주파크골프장(1구장),,경상북도 영주시 가흥동 1382 영주교 밑,36
경상,영주파크골프장(2구장),,경상북도 영주시 가흥동 46 가흥제1교 밑,18
경상,영천조교파크골프장,,경상북도 영천시 조교동 51-1,36
경상,영해파크골프장,,경상북도 영덕군 영해면 영덕로1582 영해생활체육공원 내,9
경상,예천파크골프장,,경상북도 예천군 예천읍 왕신길 84-9,36
경상,오륜파크골프장,,부산광역시 금정구 오륜동 657-2,9
경상,오부파크골프장,,경상남도 산청군 오부면 오잔리,9
경상,오수파크골프장,,경상북도 영천시 오수5길 75,36
경상,옥동파크골프장,,경상북도 안동시 옥동 1381-15,18
경상,왕피천파크골프장,,경상북도 울진군 근남면 수산리 364-3,36
경상,왜관파크골프장,,경상북도 칠곡군 왜관읍 왜관리 1282,18
경상,용상파크골프장,,경상북도 안동시 용상동 구 안동병원앞,9
경상,용원동 파크골프장,,경상남도 창원시 용원동 1347-7,18
경상,용주파크골프장,,경상남도 합천군 용주면 성산리 1085-1,18
경상,우보파크골프장,,대구광역시 군위군 미성리,9
경상,우주항공파크골프장,,경상남도 사천시 정동면 예수리 420,9
경상,울주군 범서 파크골프장,,울산광역시 울주군 범서읍 천상리 1041-77번지,18
경상,울주군 청량 파크골프장,,울산광역시 울주군 청량읍 덕하리 979-63,18
경상,웅상파크골프장,,경상남도 양산시 웅상읍 소주동 소남교 둔치,18
경상,원동 가야진사 파크골프장,,경상남도 양산시 원동면 용당들길 43-62,9
경상,원오교파크골프장,,대구광역시 달성군 현풍면 원교리 889-2 원오교,18
경상,유가한정파크골프장,,대구광역시 달성군 유가읍 한정리 596-1 (차천변),18
경상,유어파크골프장,,경상남도 창녕군 유어면 미구리 588,18
경상,율곡파크골프장,,경상남도 합천군 율곡면 영전리786-1,18
경상,의성군파크골프장,,경상북도 의성군 비안면 동부리 162-1,36
경상,의흥파크골프장,,대구광역시 군위군 의흥면 수서리,9
경상,이방파크골프장,,경상남도 창녕군 이방면 장천리 950,15
경상,장천파크골프장,,경상남도 창원시 진해구 진해대로1099번길 149 생태숲가는길중간지점,18
경상,점곡사촌문화골프장,,경상북도 의성군 점곡면 점곡길 53,9
경상,정촌파크골프장,,경상남도 진주시 정촌면,9
경상,조만강 장애인 파크골프장,,경상남도 김해시 장유면 칠산로 127-25,18
경상,조만강파크골프장,,경상남도 김해시 장유면 칠산로 127-25,18
경상,지곡파크골프장,,경상북도 포항시 남구 효곡동,18
경상,지수면 파크골프장,,경상남도 진주시 지수면,6
경상,진장 파크골프장,,울산광역시 북구 진장동 400,27
경상,진주종합경기장파크골프장,,경상남도 진주시 동진로 415 진주종합경기장내,9
경상,진천파크골프장(달성군),,대구광역시 달성군 화원읍 구라리 1400,18
경상,차황파크골프장,,경상남도 산청군 차황면 친환경로 3581,9
경상,철우파크골프장,,경상북도 안동시 운흥동 구 안동역내,9
경상,청도파크골프장,,경상북도 청도군 청도읍 사기점길 24,27
경상,청송파크골프장,,경상북도 청송군 청송읍 송생리 784-1,18
경상,칠서강나루파크골프장,,경상남도 함안군 칠서면 이룡리 998,45
경상,칠암파크골프장,,경상남도 진주시 칠암동 남강둔치,9
경상,평거지구 파크골프장,,경상남도 진주시 평거동,18
경상,풍기파크골프장,,경상북도 영주시 풍기읍 창락리 303-1 남원천변,18
경상,풍호공원 파크골프장,,경상남도 창원시 진해구 풍호동 26-1,9
경상,하남파크골프장,,경상남도 밀양시 하남읍 수산리 418-5,9
경상,하대지구 파크골프장,,경상남도 진주시 하대동,9
경상,하동군파크골프장,,경상남도 하동군 진교면 구 고속도로 934,36
경상,하빈파크골프장,,대구광역시 달성군 하빈면 봉촌리 1200-3,27
경상,하양파크골프장,,경상북도 경산시 하양읍 동서리172-4,18
경상,함안샛담파크골프장,,경상남도 함안군 함안면 샛담길 35-15,18
경상,함안파크골프장,,경상남도 함안군 법수면 법정로 200-39,18
경상,함양파크골프장,,경상남도 함양군 함양읍 하림강변길 131 하림공원 내,18
경상,합천군파크골프장,,경상남도 합천군 합천읍 합천리 20-2,36
경상,해평파크골프장,,경상북도 구미시 해평면 낙산리1095-34,18
경상,형산장애인전용파크골프장,,경상북도 포항시 남구 형산강북로 371,18
경상,형산파크골프장,,경상북도 포항시 남구 해도동 119-1 형산둔치 형산강변체육공원 내,36
경상,호계리 파크골프장,,경상남도 창원시 마산회원구 내서읍 호계 본동로 59-1,18
경상,화명파크골프장,,부산광역시 북구 화명동 1718-14 화명생태공원,54
경상,화원 진천파크골프장,,대구광역시 화원읍 구라리 1400번지 일원,18
경상,황산공원 파크골프장,,경상남도 양산시 물금읍 증산리967-1,36
경상,횡천파크골프장,,경상남도 하동군 횡천면 횡천리 639-3,18
경상,효령파크골프장(군위군),,대구광역시 군위군 효령면 장기리 116,9
서울,관악 파크골프장,,서울 관악구 신림동 산108-10,9
서울,난지천공원 파크골프장연습장,,서울 마포구 상암동 1538,6
서울,녹천교 파크골프장,,서울 도봉구 창동 796,6
서울,다락원 파크골프장,,서울 도봉구 도봉동 1-28,9
서울,동작 파크골프장,,서울 동작구 동작동 327,9
서울,망원유수지 파크골프장,,서울 마포구 망원동 450-3,9
서울,살곶이공원 파크골프장,,서울특별시 성동구 사근동 104,2
서울,서남물재생센터 파크골프장,,서울특별시 강서구 양천로201,9
서울,안양천 파크골프장(양천구),,서울특별시 양천구 목동411일대,18
서울,안양천 파크골프장(구로구),,서울특별시 구로구 신도림동271-64번지 일대,9
서울,안양천 파크골프장(구로구),,서울특별시 구로구 고척동60-1번지 일대,18
서울,안양천 파크골프장(금천구),,서울특별시 금천구 가산동557-3,18
서울,안양천 파크골프장(영등포구),,서울특별시 영등포구 양화동4-1일대,18
서울,안양천 파크골프장(양천구),,서울특별시 양천구 목동411 일대,9
서울,여의도한강공원,,서울특별시 영등포구 여의도동 70-1,18
서울,월드컵공원 파크골프장,,서울특별시 마포구 상암동478-1번지 일대,18
서울,잠실운동장 파크골프장,,서울특별시 송파구 올림픽로25번지,9
서울,잠실파크골프장,,서울특별시 잠실동 306(잠실 유수지),9
서울,중랑구립파크골프장,,서울특별시 중랑구 묵동 361-5 일대,9
서울,중랑물재생센터 파크골프장,,서울특별시 성동구 자동차시장3길 64,9
서울,중랑천 파크골프장(광진구),,서울특별시 광진구 중곡동455-9번지 일대,9
서울,중랑천 파크골프장(노원구),,서울특별시 노원구 월계동230-10,9
서울,중랑천 파크골프장(동대문구),,서울특별시 동대문구 장안동204번지 일대,9
서울,중랑천파크골프장,,서울특별시 노원구 상계동 754-14,9
서울,탄천 파크골프장,,서울특별시 강남구 세곡동 1-3,27
수도,가평파크골프장,,경기도 가평군 청평면 대성리 388-13,36
수도,공촌유수지파크골프장,,인천광역시 서구 첨단서로 130 공촌유수지체육시설,18
수도,광주시파크골프장,,경기도 광주시 경안동 청석공원 내 파크골프장,18
수도,구리시파크골프장,,경기도 구리시 수택동 왕숙천 구리시환경사무소,9
수도,군포시파크골프장,,경기도 군포시 수변공원내,9
수도,나리공원파크골프장,,경기도 양주시 광사동 나리공원 내,18
수도,남양주장애인파크골프장,,경기도 남양주시 별내동 910,9
수도,남양주파크골프장,,경기도 남양주시 다산동739 다산근린공원 앞 왕숙천,18
수도,동두천파크골프장(동두천시),,경기도 동두천시 동두천로27 송내주공5단지,9
수도,동두천파크골프장(동두천시),,경기도 동두천시 송내동 696,18
수도,동탄제2신도시파크골프장,,경기도 화성시 동탄면 방교동789,18
수도,미사리파크골프장,,경기도 하남시 미사동608 하남나무고아원,9
수도,서종파크골프장,,경기도 양평군 서종면 문호리922-4 서종문화체육공원 내,9
수도,선학파크골프장,,인천광역시 연수구 경원대로 526,9
수도,성남시파크골프장,,경기도 성남시 분당구 수내동 탄천변,9
수도,성저파크골프장,,경기도 고양시 일산서구 대화동2325,18
수도,수원시파크골프장,,경기도 수원시 권선구 서수원로577번길 171(서수원칠보체육관),9
수도,시흥시청파크골프장,,경기도 시흥시 장현동 300 시흥시청 옆,9
수도,시흥파크골프장,,경기도 시흥시 목감동 신도시 내,9
수도,안산신길파크골프장,,경기도 안산시 단원구 신길동1748,18
수도,양지파인리조트파크골프장,,경기도 용인시 처인구 양지면 남평로112 양지파인리조트,9
수도,양촌파크골프장,,경기도 김포시 양촌읍 학운리 3084-4,9
수도,양평장애인파크골프장,,경기도 양평군 강상면 교평리419,18
수도,양평파크골프장,,경기도 양평군 강상면 교평리419,81
수도,여주파크골프장,,경기도 여주시 현암동 616-3,36
수도,연천재인폭포오토캠핑장파크골프장,,경기도 연천군 연천읍 고문리130-1,18
수도,연천파크골프장,,경기도 연천군 군남면 군남대교옆,36
수도,영종파크골프장,,인천광역시 중구 중산동 1878-2,9
수도,용인파크골프장,,경기도 용인시 포곡읍 용인애버랜드 옆(체육공원내),9
수도,운정호수공원파크골프장,,경기도 파주시 소리천로91,9
수도,의정부파크골프장,,경기도 의정부시 장암동146-10(호장교 밑),18
수도,이천시파크골프장,,경기도 이천시 안흥동 33번지,18
수도,인천	인천송도파크골프장,,인천광역시 연수구 송도동 1번지 달빛공원 내,18
수도,일동파크골프장,,경기도 포천시 일동면 새낭로267,18
수도,장수파크골프장,,인천광역시 남동구 만수동 668,18
수도,장애인파크골프장,,경기도 남양주시 진건읍 송능2리(광해군묘),9
수도,장호원파크골프장,,경기도 이천시 장호원읍 오남리 304-5(청미천 둔치),18
수도,정발파크골프장,,경기도 고양시 일산동구 마두동819 정발산배수지,9
수도,죽전파크골프장,,경기도 용인시 수지구 죽전동555-4 죽전체육공원(하수처리장),9
수도,중산파크골프장,,경기도 고양시 일산동구 중산로217 중산공원,9
수도,청심빌리지파크골프장,,경기도 가평군 설악면 송산리711 청심빌리지,9
수도,파주금강산랜드파크골프장,,경기도 파주시 월롱면 위전리89,9
수도,파주파크골프장,,경기도 파주시 교하로577(심학산배수지입구),18
수도,평택파크골프장,,경기도 평택시 비전동 1005-1,9
수도,포천시파크골프장,,경기도 포천시 일동면 사직리 913-4,36
수도,하남시파크골프장(하남시),,경기도 하남시 미사대로505 미사경정공원 내,18
수도,하남시파크골프장(하남시),,경기도 하남시 미사대로 505,36
수도,화정파크골프장,,경기도 고양시 덕양구 은빛로77,9
전라,고금파크골프장,,전라남도 완도군 고금면 농산리 759-1,9
전라,고산파크골프장,,전북특별자치도 완주군 고산면 읍내리 902 고산체육공원 내,18
전라,고창파크골프장,,전북특별자치도 고창군 고창읍 월암리 407-2 (고창스포츠타운내),18
전라,곡성동악파크골프장,,전라남도 곡성군 죽동리 체육공원내,18
전라,광산구 서봉파크골프장,,광주광역시 광산구 서봉동 205-6,36
전라,광양시파크골프장,,전라남도 광양시 강변동길 216,18
전라,구례군파크골프장,,전라남도 구례군 서시천로 106,9
전라,군산파크골프장,,전북특별자치도 군산시 수송동로 58,18
전라,남악파크골프장,,전라남도 무안군 심향읍 남악리 2597,18
전라,남원파크골프장(남원시),,전북특별자치도 남원시 춘향골 체육공원내,18
전라,남해파크골프장,,전라남도 목포시 연산동 864,9
전라,담양제1파크골프장,,전라남도 담양군 담양읍 양각샛길 207,36
전라,담양제2파크골프장,,전라남도 담양군 담양읍 양각리 348,18
전라,대상파크골프장,,광주광역시 북구 월출동 968,18
전라,덕흥파크골프장,,광주광역시 서구 덕흥동 157,9
전라,둔산파크골프장,,전북특별자치도 완주군 봉동읍 둔산리 881,18
전라,마전교파크골프장,,전북특별자치도 전주시 완산구 서신동 738-7,18
전라,무등산파크골프장,,광주광역시 동구 남문로 418-13,9
전라,무안파크골프장(무안군),,전라남도 무안군 무안읍 성동리 1086-3,18
전라,무주파크골프장,,전북특별자치도 무주군 설천면 상평지길 20 무주복지공원 내,6
전라,보성미니파크골프장,,전라남도 보성군 보성읍 용문길 36-16,9
전라,복내파크골프장,,전라남도 보성군 복내리 536-16,18
전라,부귀파크골프장,,전북특별자치도 진안군 부귀면 귀상로 652-41,18
전라,부주산국제파크골프장,,전라남도 목포시 부주로 159,27
전라,북구파크골프장,,광주광역시 북구 연제동 730번지(북구종합운동장내),18
전라,북항파크골프장,,전라남도 목포시 북항 하수종말처리장,9
전라,불갑파크골프장,,전라남도 영광군 불갑면 방마리,18
전라,비봉파크골프장,,전북특별자치도 완주군 비봉면 소농리454 비봉면체육공원 내,18
전라,비비정파크골프장,,전북특별자치도 완주군 삼례읍 후정리142-1 비비정공원 내,18
전라,산이파크골프장,,전라남도 해남군 산이면 초두길 10-14,18
전라,삼학도파크골프장,,전라남도 목포시 산정동 삼하도,9
전라,삼호대불파크골프장,,전라남도 영암군 삼호읍 종합공원길 11,36
전라,상관파크골프장,,전북특별자치도 완주군 상관면 신리 916,18
전라,상동파크골프장,,전라남도 목포시 상동 연동건널목 석현동 산거리,9
전라,상사파크골프장,,전라남도 순천시 상사면 응령리 678-7,13
전라,생강골파크골프장,,전북특별자치도 완주군 봉동읍 낙평리 795,36
전라,서면파크골프장,,전라남도 순천시 서면 강청리 828,9
전라,서해파크골프장,,전라남도 목포시 연산동,9
전라,송월동파크골프장,,전라남도 나주시 성북동 100,9
전라,순창군파크골프장,,전북특별자치도 순창군 유등면 왜이리 555-2,18
전라,승촌파크골프장,,광주광역시 남구 승촌동 588-47번지 일원(승촌공원 내),36
전라,시종마한파크골프장,,전라남도 영암군 시종면 남해당로 65,18
전라,신태인파크골프장,,전북특별자치도 정읍시 신태인읍 신용리 881,36
전라,실내체육관파크골프장,,전라남도 목포시 상동 349-1,9
전라,어울림파크골프장(익산시),,전북특별자치도 익산시 함영읍 칠복리 북부권,18
전라,염주파크골프장,,광주광역시 서구 금화로 278,9
전라,영산포체육공원파크골프장,,전라남도 나주시 삼영동 131-1,18
전라,영암파크골프장,,전라남도 영암군 영암읍 영운재로 272,18
전라,오곡파크골프장,,전라남도 곡성군 오곡천변내,9
전라,온고을파크골프장,,전북특별자치도 전주시 덕진구 화전동 969-6 만경강하천,18
전라,운림삼별초파크골프장,,전라남도 진도군 의신면 사천길 15-21,18
전라,이서파크골프장,,전북특별자치도 완주군 이서면 용서리 777-2 지사울공원,27
전라,익산파크골프장,,전북특별자치도 익산시 오산면 목천리 967-1,18
전라,임실파크골프장,,전북특별자치도 임실군 오수면 오수리 3,27
전라,장성군 A파크골프장,,전라남도 장성군 황룡면 월평리 590-1,14
전라,장성군 B파크골프장,,전라남도 장성군 황룡면 신호리 53-1,9
전라,장흥파크골프장,,전라남도 장흥군 관산읍 옥당리 535-16,9
전라,줄포파크골프장,,전북특별자치도 부안군 줄포면 생태공원로 170 부안자연생태공원 내,18
전라,진안파크골프장,,전북특별자치도 진안군 진안읍 운산리 76,18
전라,첨단체육공원 파크골프장,,광주광역시 광산구 쌍암동 695-3 첨단생활체육공원 내,9
전라,청하파크골프장,,전북특별자치도 김제시 청하면 강변로151 근처,18
전라,한빛원자력파크골프장,,전라남도 영광군 홍농읍 성산리 494,36
전라,함평군파크골프장,,전라남도 함평군 함평읍 곤재로 83,36
전라,해남파크골프장,,전라남도 해남군 삼산면 봉학리 154-7,18
전라,혁신도시파크골프장,,전라남도 나주시 빛가람동 4-346,9
전라,화순파크골프장,,전라남도 화순군 청풍면 풍암리 93-9번지 일원,87
전라,효령파크골프장(북구),,광주광역시 북구 하서로 950,9
제주,강창학파크골프장,,제주특별자치도 서귀포시 강정동 1353,18
제주,남원파크골프장(서귀포시),,제주특별자치도 서귀포시 남원읍 수망리 산 158-1,18
제주,렛츠런파크골프장,,제주특별자치도 제주시 애월읍 유수암리 1206,18
제주,월라봉파크골프장,,제주특별자치도 서귀포시 신효동 1188-5,9
제주,칠십리파크골프장,,제주특별자치도 서귀포시 서홍동 663-2,18
제주,회천파크골프장,,제주특별자치도 제주시 와흘전1길 32 제주시생활체육공원 내,18
충청,가야곡파크골프장,,충청남도 논산시 가야곡면 덕은로 365,9
충청,강경파크골프장,,충청남도 논산시 강경읍 금백로 45,27
충청,계룡시파크골프장,,충청남도 계룡시 신도안면 정장리 6,36
충청,곡교천파크골프장,,충청남도 아산시 권곡동 331-1,18
충청,곰나루파크골프장,,충청남도 공주시 웅진동 722,36
충청,괴산파크골프장,,충청북도 괴산군 괴산읍 임꺽정로222,18
충청,금강파크골프장,,세종특별자치시 세종동 747-321,36
충청,금산군파크골프장,,충청남도 금산군 제원면 수당리 986-1,36
충청,논산시(신규)파크골프장,,충청남도 논산시 성동면 원봉리 718-7,36
충청,논산시파크골프장,,충청남도 논산시 대교동 319-39번지,27
충청,단양 파크골프장,,충청북도 단양군 단양읍 별곡리 생태공원 내,18
충청,당진해나루파크골프장,,충청남도 당진시 석문면 통정리 1349,36
충청,대소원 파크골프장,,충청북도 충주시 대소원면 새터2길 29-15,18
충청,대평파크골프장,,세종특별자치시 대평동 578-12,9
충청,도고파크골프장,,충청남도 아산시 도고면 신언리 826,9
충청,둔포파크골프장,,충청남도 아산시 둔포면 석곡리 1480,9
충청,무한천파크골프장,,충청남도 예산군 예산읍 주교리 460,36
충청,백세파크골프장,,충청남도 청양군 청양읍 은천동길 16-6 백세공원 내,36
충청,보령파크골프구장,,충청남도 보령시 웅천읍 오천리 534-1,18
충청,부강파크골프장,,세종특별자치시 부강면 금호리 82 부강생활체육공원내,16
충청,부여파크골프장,,충청남도 부여군 부여읍 군수리 268-3,54
충청,삽교파크골프구장,,충청남도 당진시 신평면 삽교호 호수공원내,9
충청,상록파크골프구장,,충청남도 당진시 송악읍 두곡공단로,18
충청,서산나이스파크골프장,,충청남도 서산시 음암면 바위백이길 12,18
충청,서산시파크골프장,,충청남도 서산시 양대동 753-4,36
충청,서천군노인복지관파크골프장,,청남도 서천군 종천면 충서로302번길 88-26,18
충청,수안보온천 파크골프장,,충청북도 충주시 수안보생활체육공원 내,27
충청,연산파크골프장,,충청남도 논산시 연산면 표정리 249-2,9
충청,오가낭파크골프장,,세종특별자치시 한누리대로651,9
충청,오송KTX파크골프장,,충청북도 청주시 흥덕구 오송읍 오송리 358-3,36
충청,유등파크골프장,,대전광역시 서구 만년동 424,27
충청,유성구 갑천파크골프장,,대전광역시 유성구 탑립동 211-2,36
충청,을미기파크골프장,,대전광역시 대덕구 대덕대로1448번길 120 을미기공원 내,18
충청,음성 금왕파크골프장,,충청북도 음성군 금왕읍 오산리 산 2-4,18
충청,음성 맹동파크골프장,,충청북도 음성군 맹동면 동성리 6,9
충청,음성 생극 파크골프장,,충청북도 음성군 생극면 신양리 793-2,18
충청,이순신파크골프장,,충청남도 아산시 염치읍 석정리 536-16,36
충청,전원파크골프장,,충청남도 서산시 대산읍 운산리,18
충청,제천 청풍호파크골프장,,충청북도 제천시 금성면 신담길 213,18
충청,조천파크골프장,,세종특별자치시 조치원읍 새내22길(서창천교 옆),9
충청,중앙공원파크골프장,,세종특별자치시 연기면 세종동 1204,9
충청,증평 파크골프장,,충청북도 증평군 증평읍 환경개선사업소 내,9
충청,진천파크골프장(진천군),,충청북도 진천군 진천읍 장관리,18
충청,천안도솔파크골프장,,충청남도 천안시 동남구 천안대로 844 도솔광장 내,18
충청,천안백석골프장,,충청남도 천안시 서북구 유봉로,36
충청,천안풍세천파크골프장,,충청남도 천안시 풍세면 풍서천,18
충청,천안풍세파크골프장,,충청남도 천안시 동남구 풍세면 용정리 971 풍세산단 내 공원,18
충청,천안한들파크골프장,,충청남도 천안시 서북구 음봉로 861-50,18
충청,청주 미호강 파크골프장,,충청북도 청주시 흥덕구 미호로 99,36
충청,청주 오송 파크골프장,,충청북도 청주시 흥덕구 오송읍 생명과학단지 공원 내,9
충청,청주 장애인 파크골프장,,충청북도 청주시 흥덕구 미호로 99,18
충청,청주 호미골 파크골프장,,충청북도 청주시 상당구 용정동 25,9
충청,충주 단월 파크골프장,,충청북도 충주시 단월동 635-4,18
충청,충주 장애인 파크골프장,,충청북도 충주시 창현로 1400 (용관동),9
충청,충주호 파크골프장,,충청북도 충주시 목행동 749-3,54
충청,탑정파크골프장,,충청남도 논산시 부적면 탑정리 475-79,18
충청,태안파크골프장,,충청남도 태안군 태안읍 기업도시로 443,36
충청,태평-버드내파크골프장,,대전광역시 중구 태평동515-2(가장교-태평교),18
충청,한솔파크골프장,,세종특별자치시 가람동 765,9
충청,한진파크골프구장,,충청남도 당진시 송악읍 신복운로 5,9
충청,홍성군파크골프장,,충청남도 홍성군 홍성읍 충서로1707번길 150,18
